<?xml version="1.0" encoding="UTF-8" ?>
<rss version="2.0" xmlns:geo="http://www.w3.org/2003/01/geo/wgs84_pos#">
	<channel>
		<title></title>
		<link />
		<description />
		<item>
			<title>804</title>
			<description>Cargo Route</description>
			<geo:lat>40.654993</geo:lat>
			<geo:long>-73.791387</geo:long>
			<icon>
				http://geocoderbeta.tieslink.com/Content/Icons/Location.png
			</icon>
		</item>
		<item>
			<title>802</title>
			<description>Long Term Parking Lot</description>
			<geo:lat>40.661218</geo:lat>
			<geo:long>-73.8295</geo:long>
			<icon>
				http://geocoderbeta.tieslink.com/Content/Icons/Location.png
			</icon>
		</item>
	</channel>
</rss>